id,canonical_name,normalized_name,website,region,country,description,source_count,represented_brand_count,first_party_brand_count,agent_list_brand_count,evidence_count,quality_status,generated_at
33,GLG Brands,glg brands,https://www.glg-brands.com/,Global,,"Large corporate, automotive, media and lifestyle portfolio",1,261,261,0,0,documented_agency,2026-08-30T13:28:01+00:00
41,IMG Licensing,img licensing,https://imglicensing.com/,Global,,"Client List: British & Irish Lions, Bundesliga, ESPN, L’Équipe, Fédération Française de Rugby, Football Greats Alliance, Harlem Globetrotters, 24 Hours of Le Mans, Mayweather Fitness, Professional Bull Riders, Ultimate Fighting Championship, World Wrestling Entertainment, NFL International, Manchester City Football Club, The R&A, Claire's, Georges Marciano, Replay, Superdry, Gap Inc., Theme, Laura Ashley, florence by mills, Skechers, Ann Taylor, Talbots, Vera Bradley, Vivastudio Corp., Booba, Brigitte Bardot Estate, BRZRKR, Dolly Parton, Fortnite, Rocket League, Flavortown, Hearst Magazines, Lionsgate, Loyd Grossman, Millie Bobby Brown, Randy's Donuts, A Court of Thorns and Roses, San Diego Comic-Con, Severance, Toikido, Ubisoft, Wayne Gretzky, Zorro, Fall Guys, Gerry Cosby, Care Bears, Kakao Friends, Madballs, Metro-Goldwyn-Mayer, Mr. Bean, Ted, Hasbro, NBCUniversal, AAA, Alessi, Abarth, Alfa Romeo, Armor All, STP, Peugeot, Automobili Pininfarina, Bacardi, Big League Chew, Chevron, Ch",1,261,178,47,1,documented_agency,2026-08-30T13:28:01+00:00
37,Guangzhou Art-Land Holding Company,guangzhou art land holding company,,Global,,"Client List: More than 300 licensees including: Aimer Kids, Annil, Anker, Balabala, Babycare, Bata, Belle, Beazero, Bilibili, Biore, Baidu, Bananain, Blink, C&S, Chow Tai Fook, China Merchants Bank, Citizen, Centrum, Culturelle, Cotti, d'zzit, DAZZLE, Dettol, Dencare, Deli stationery, Deep Breath, Edition, EF Education, Fila, Fipo, Frog Prince, Garden, Forever 21, Glico, Gukoo, Haidilao, Hewlett Packard (HP), HLA, Hsufuchi, I.T, Igc, IMIS, IP Snack, Jandoon, JD.com, JUST.FOTO, Kabrita, Kappa, Kawasaki, Kayou, KFC, KEEP, KKV, Knighthood, L'OCCITANE, Lawson, Lecoq sportif, Larbee, Linlee, Luckin, Maxim's cakes, McCormick, Midea, Mideer, Milkground, MINISO, Mylafe, Meitu, Meituan, Mokingran, Naixue, Nest Designs, Nestle, Nutrilon, Only, Orion, Palladium, Peacebird, POP MART, Paw in Paw, Rio, SANFU, Sanli, Sembo Block, Semir, Shiseido, Skechers, Soap Studio, SOGO Department, Starbucks, STAYREAL, Sunrana, Supafresh, Super Player, Synear, TATA, Tim Hortons, TOI, Trendy Sound, 361°, 85℃, Ulik",1,113,0,113,1,documented_agency,2026-08-30T13:28:01+00:00
4,Beanstalk,beanstalk,https://www.beanstalk.com/,Global,,"Client List: Audi, Atari, Bentley, BT21, Cath Kidston, Chef Eric Adjepong, Choco Milk, Cinnabon, Diageo: Baileys, Captain Morgan, Crown Royal, Gordon’s, Guinness, Pimm’s, Smirnoff; Dinotopia, Dole, Fable, Hi-Chew, Iron Maiden, Julius-K9, Just Dance, Kellanova: Cheez-It, Eggo, MorningStar Farms, Pop-Tarts, Pringles, Rice Krispies Treats; Line Friends, Magna-Tiles, Matthew Williamson Design, Microsoft Gaming Studios: XBOX, Halo, Fable, The Outer Worlds, Sea of Thieves; Rare, Monster Jam, Ozzy Osbourne, P&G: Ariel, Bounce, Braun, Crest, Dawn, Dreft, Downy, Fairy, Febreze, Flash, Gain, Lenor, Mr. Clean, Oral B, Pampers, Tide, Vicks; Pennzoil; Quaker State, Rabbids, Rayman, Ritz Paris, Roller Coaster Tycoon. Stanley Black & Decker: BLACK+DECKER, Craftsman, Cub Cadet, DEWALT, Facom, Mac Tools, Porter Cable, Stanley, Troy-Built; TED; TGI Fridays; The Metropolitan Museum of Art; The Ohio State University, Tonino Lamborghini, U.S. Army, Volvo, VW E-Games, Weight Watchers, WK Kellogg Co: All-Bra",1,104,15,89,1,documented_agency,2026-08-30T13:28:01+00:00
64,MHS Licensing,mhs licensing,https://mhslicensing.com/,Global,,"Client List: Thomas Kinkade, Abraham Hunter, Hautman Brothers, Accent Art Studio, Al Agnew, Amira Rahim, Amylee Weeks, Audrey Jeanne Roberts, Bethany Joy, Blue Chair Blessing, Brett Blumenthal, Buck Wear, By The Lakeside, Carol Cavalaris, Carrie Goller, Collin Bogle, Corbert Gauthier, Courtney Morgenstern, Cranston Collection, Darrell Bush, Deane Beesley, Diane Labombarbe, Emiko Rainbow, Femvisionary, Fine Frenchie, Fluidity, H. Hargrove, Hayden Lambson, Image World, James Meger, Jennifer Seeley, Jetty Home, Jim Baldwin, Jim Killen, JJ Design House, John Keeling, Judy Buswell, Kelley Parker, Ken Zylla, Kim Norlien, Kris Jagers, Larry Hersberger, Larry McFerrin, Lindsay Kivi, Louise Carey, Lovitude, Luis Fitch, Mehu Art, Nina Blue, Northern Promotions, PDR Studios, Russ Duerksen, Sally Barlow, Scot Storm, Stephanie Ryan, Tara Moss, Terrence Fogarty, Terry Doughty, Tina Higgins, UTurn Studios, Val Warner, Valerie Wieners, Victoria Schultz and Yvonne Coleman Burney.",2,63,0,63,1,documented_agency,2026-08-30T13:28:01+00:00
6,Born Licensing,born licensing,https://bornlicensing.com/,Global,,Advertising and promotional licensing,1,62,62,0,0,documented_agency,2026-08-30T13:28:01+00:00
61,Medialink,medialink,https://www.medialink.com.hk/,Global,,"Client List: emoji, Le Petit Prince, Sesame Street, Sesame Street Mecha Builders, Garfield, Star Trek, LINE FRIENDS, BT21, POPEYE, CUPHEAD, “THE CUPHEAD SHOW,” Pinkfong World & Pinkfong Baby Shark, The Little Prince and Friends, Usagyuuun, Betty Boop, Lychee and Friends, Bluey, Mr Men and Little Miss, Robocar Poli, Shewsheep, Sunlemon, Kawanimal, Ohigenopon, Nailoong, Quby, Mobile Suit Gundam UC, Mobile Suit Gundam Seed, Mobile Suit Gundam, Bebefinn, “Genshin Impact,” Honkai Star Rail, Tears of Themis, Zenless Zone Zero, “Jujutsu Kaisen,” Blue Lock, Oshi No Ko, Chainsaw Man, City Hunter The Movie: Angel Dust, Dr. Stone, Fullmetal Alchemist, Gintama, Haikyu!!, Initial D, Kuroko's Basketball, Laid-Back Camp, My Hero Academia, Yu-Gi-Oh!, Solo Leveling, hololive, JOGUMAN, Cardcaptor Sakura Clear Card, Kaiju No. 8, GACHIAKUTA, Godzilla, Yu Yu Hakusho, “Evangelion,” MASHLE MAGIC AND MUSCLES, OVERLORD, UMAMUSUME Pretty Derby, Yuru Camp, Takopi's original sin, Kowloon Generic Romance, DREAM AN",2,62,0,62,1,documented_agency,2026-08-30T13:28:01+00:00
75,Rights and Brands,rights and brands,https://rightsandbrands.com/,Global,,"Client List: Moomin Characters, The Astrid Lindgren Company, Peyo, Company, King Features, Sam Wilde, Stig Lindberg Design, Star Stable and The Carl & Karin Larsson Estate.",2,52,46,6,1,documented_agency,2026-08-30T13:28:01+00:00
30,Evolution USA,evolution usa,https://www.evolutionusa.com/,Global,,"Client List: Revelyst Brands: Simms Fishing, Primo Hunting, Camp Chef, Fox Racing, Hoppe's 9, Blackburn, Bushnell, Bushnell Golf, Camelbak, Senna Brands: Ayrton Senna, Senna Driven, “Senna” (Netflix Series); Loteria, Dali Universe, Ella Fitzgerald Estate, Smoko, Neopets, Pressman Films: “The Crow,” “American Psycho;” Gaumont Television: “Narcos,” “Narcos Mexico,” “Hannibal,” “Silent Hill,” “Return to Silent Hill;” Morgan Creek Entertainment (U.S. rights) and Revolution Studios (International rights): “Ace Ventura,” “Black Hawk Down,” “Coupe de Ville,” “Dead Ringers,” “Exorcist III,” “Exorcist: The Beginning,” “Exorcist: Domination,” “Get Carter,” “Heist,” “Juwanna Mann,” “Major League,” “Nightbreed,” “Punch Drunk Love,” “The Crush,” “The Whole Nine Yards,” “The Fog” (2005), “True Romance,” “Young Guns,” “3000 Miles to Graceland,” Licensee Clients: Arcane Wonders, Blip Toys, Cosmox, Fashion Angels, MVN Entertainment, Phenom Elite, PMI, Sky Castle Toys, UCC and Woobles.",2,51,0,51,1,documented_agency,2026-08-30T13:28:01+00:00
20,CAA Brand Management,caa brand management,https://www.caa.com/,Global,,"Client List: Anheuser-Busch, Artestar, Baby Milo, Bath and Body Works, Beatrix Potter, Bob Marley, Bobcat, Bugatti, California Pizza Kitchen, Condé Nast, The Cheesecake Factory, Coca-Cola, Dr. Seuss, Draper James, Ford, Formula One, Frida Kahlo, Genshin Impact, Headspace, Iconix, Jonathan Adler, McLaren, Minecraft, Miffy, Mondelez, Ms. Rachel, Netflix, One Championship, Outdoor Voices, PacSun, Paddington Bear, Paramount Pictures, Playboy, Porsche, Red Bull Racing, Riot Games, Royal Berkshire Polo Club, Sesame Workshop, Smurfs, Sony Pictures, Spalding, Stumble Guys, Subway, CAA Talent and UCLA.",1,47,3,44,1,documented_agency,2026-08-30T13:28:01+00:00
14,Brandgenuity,brandgenuity,https://brandgenuity.com/,Global,,"Client List: BMW, Church & Dwight (ARM & HAMMER, OxiClean, Flawless, Trojan), Nissan (GTR, Z, NISMO, Datsun), Mike’s Hot Honey, EA (The Sims), Conagra (Swiss Miss, Vlasic), Dr. Scholl’s, Purple, KFC, Kona Ice, Sazerac (Buffalo Trace, Fireball, Southern Comfort), Edgewell Personal Care (Banana Boat, Hawaiian Tropic, Cremo, Schick, Skintimate, Wet Ones), Kao (Jergens, John Freida), Royal Shakespeare Company and NFL Players Association (Europe only).",2,44,35,9,1,documented_agency,2026-08-30T13:28:01+00:00
63,Merchantwise,merchantwise,https://www.merchantwise.com/,Global,,"Client List: Aardman, Activision Blizzard, Apple Corp, Australian Olympic Committee, Bandai Namco, Bethesda, Ceremony of Roses (Sony Music), Easy Partners, EMOJI, Flying Bark/Studio 100, Future Shirts, Graeme Base, Hasbro, Legendary Entertainment, Magic Light Pictures, Manhead Merch, Microsoft, Netflix, Perryscope, Sega, Sony Film, Sony TV, The Lumistella Company, The Northcott Society/Cerebral Palsy Alliance, Toho, WildBrain, WMX, Asahi, Cinnabon, Cola-Cola Company, Diageo, Mars, Kikkoman, The Cheesecake Shop, McCormick, Menz, Perfetti Van Melle, The Magnum Ice Cream Company, Moulin Rouge, Rip Curl International and Cath Kidston.",2,42,2,40,1,documented_agency,2026-08-30T13:28:01+00:00
70,Peaks Partners,peaks partners,,Global,,"Client List: Boggi, Lyle & Scott, Pinko, Caovilla, Armani, Kiton, Lancel, Mulberry, Cardio Bunny, Von Dutch, Thomas Pink, Palm Angels, Sporty & Rich, White Stuff, Off White, Stefanel, G Star RAW, French Connection, Sister Jane, Ben Sherman, True Religion, Tally Weijl, Fiorucci, Gola, Vivienne Westwood, ISAIA, Giuseppe Zanotti, IRO Paris, Autry, Moschino, Freddy, Etro, Michael Kors, Charles Tyrwhitt, Aspinal London, Harmont & Blaine, ISABEL MARANT, Just Cavalli, Marni and Santoni.",1,39,0,39,1,documented_agency,2026-08-30T13:28:01+00:00
83,The Brand Liaison,the brand liaison,https://thebrandliaison.com/,Global,,"Client List: Fashion, art, celebrity and pop culture brands including 7-Eleven, Overtime Sports, Safety 1st, KissCam, National Day Calendar, Hoonigan Racing, Detroit vs Everybody, Bearpaw, Jason Wu, Betsey Johnson, FUBU, Etonic, Lifeguard, BUM Equipment, Gloria Vanderbilt, Cardio Bunny, Bench, Savile Row, JACHS NY, Fantasy, RCA, Fisher Electronics, Dorel Juvenile Group, Built, S'Well, Daymond John, Elaine Swann, David Tutera, Criss Angel, Christopher Knight, Robert Irvine, Jon Taffer and more.",2,38,23,15,1,documented_agency,2026-08-30T13:28:01+00:00
43,Jewel Branding & Licensing,jewel branding and licensing,https://www.jewelbranding.com/,Global,,"Client List: New York Botanical Garden, Frank Lloyd Wright Foundation, MFA Boston, Natural History Museum, Georgia O'Keeffe Museum, National Wildlife Federation, Sanderson, Morris & Co., Simplified by Emily Ley, Nikki Chu, Plum Pretty Sugar, Rachael Hale, EttaVee, Mia Charro, Krissy Mast, Turnowsky and Ceci New York Portfolio of Artists.",2,37,34,3,1,documented_agency,2026-08-30T13:28:01+00:00
84,The Joester Loria Group,the joester loria group,https://www.joesterloriagroup.com/,Global,,"Client List: PepsiCo, Constellation Brands, Chiquita, Post Holdings, Kellanova, Talking Rain, Toyota, Papyrus, Eric Carle, Miffy, Dav Pilkey (“Dog Man,” “Captain Underpants”) and Van Holten.",2,33,26,7,1,documented_agency,2026-08-30T13:28:01+00:00
78,SEMK Global Marketing,semk global marketing,https://www.semk.net/,Global,,"Client List: Ctrip, Popmart, OTC Happy Valley, Milkana, Pizza Hut, McDonald's, Casio, FujiFlim, momax, Nivea, Vinda, Watsons, Listerine, Thermos, Casablanca, Darlie, MeadJohnson, Zippo, Chery, Chów Tai Fook, CEB Credit Card, Huawei, BTS Thailand, Central World Bangkok, IconSiam Bangkok, Hong Kong Ocean Park, City of Dream Macau, Tesco Thailand, Family Mart, Tencent and NetEase.",2,31,1,30,1,documented_agency,2026-08-30T13:28:01+00:00
77,Seltzer Licensing Group,seltzer licensing group,https://seltzerlicensing.com/,Global,,"Client List: Unilever including their brands Dove, Axe, Hellmann's and Vaseline, The Magnum Ice Cream Company (formerly part of Unilever) and their brands, Ben & Jerrys, Breyers, Klondike, Popsicle, Good Humor, Cornetto, The Suave Brands Company (Suave for Kids), Perio (Barbasol), Scotts, Miracle-Gro, American Red Cross, Rust-Oleum, Blue Diamond, Almond Breeze, Checkers/Rally's, Zippo, UPS, NBC (“American Ninja Warrior”), Wolf (“Law & Order”), Bravo (“The Real Housewives”), National Parks Foundation, Perfetti Van Melle's AirHeads, Harvest Hill including Sunny D and Juicy Juice, California Pizza Kitchen, Mack Truck and Empire State Building.",2,29,0,29,1,documented_agency,2026-08-30T13:28:01+00:00
79,Starwood Brands,starwood brands,,Global,,"Client List: adidas, Reebok, Spalding, Russell, MLB, FIFA, Hurley, Billabong, Gaiam, Ralph Lauren, Nautica, Original Penguin, Ben Sherman, Express, BCBG, Vigoss, Fruit of the Loom, Scotts, Miracle-Gro, Brookstone, RCA, Disney, Nickelodeon, Squishmallows, Moonbug, General Mills, Aquafina and many more.",1,27,0,27,1,documented_agency,2026-08-30T13:28:01+00:00
93,WildBrain CPLG,wildbrain cplg,https://www.wildbrain.com/cplg,Global,,"Client List: Peanuts Worldwide, Amazon MGM Studios, Paramount, PLAYMOBIL, Supercell, Hasbro, Sony Pictures, Spin Master, Miraculous, SEGA, Dr. Seuss Enterprises, Sanrio, Penguin Ventures, Mercis BV, Van Gogh Museum, Perfetti Van Melle, Master Lock, Kikkoman, Casa de Batllo, Peugeot, Harvard, Colombia, Yale, FC Barcelona and Paris Saint Germain FC, amongst others.",2,24,0,24,1,documented_agency,2026-08-30T13:28:01+00:00
10,Brand Capital Marketing,brand capital marketing,https://brandcapitalmarketing.com/,Global,,"Client List: Trex, Brown Jordan, Wagner Spraytech, Hearst Media (Country Living, Good Housekeeping, House Beautiful, Car and Driver, Road & Track, Prevention, Men's Health, Women's Health), Spectrum Brands (Cutter, Repel, Spectracide, Ecologic, Garden Safe, Hot Shot and Black Flag), Barrett Firearms and Polywood.",2,22,19,3,1,documented_agency,2026-08-30T13:28:01+00:00
35,Global Merchandising Services,global merchandising services,https://www.globalmerchservices.com/,Global,,"Client List: Iron Maiden, Oasis, Ozzy Osbourne, Backstreet Boys, Mötley Crüe, Motörhead, Niall Horan, Skibidi Toilet, Fender, Liquid Death, CBGB, Alice Cooper, Ghost, Sleep Token, Zayn Malik, Jade Thirwall, Slayer, Take That, Rob Zombie, Misfits, Halsey and Fred Again.",2,21,0,21,1,documented_agency,2026-08-30T13:28:01+00:00
74,Retail Monster,retail monster,https://www.retailmonster.com/,Global,,"Client List: Dr Seuss (Retail), Hasbro (Retail), Minecraft (Retail), Moonbug (Retail), Netflix (Retail), Sega (Retail - U.K.), Sony (Retail), Electronic Arts, Fall Guys (Devolver Digital), Fuggler (Libertas Brands), Foundation Media Partners, Happy Nest, Hari Studios, Hidden Pigeon Company, Paddington (Studio Canal Kids & Family), Slumberkins, Voltron, Warrior Cats (Coolabi), Youtooz, Surprise Drinks, SnapBrands and TY.",2,21,0,21,1,documented_agency,2026-08-30T13:28:01+00:00
34,Global Icons,global icons,https://globalicons.com/,Global,,"Client List: America250, American Airlines, Automobili Lamborghini, Aprilia, Betty Boop, D Billions, Danimals, Fabuloso, Hostess, Michelin, Moto Guzzi, OIKOS, Omaha Steaks, Renault, Spyker, United States Postal Service, Vespa and Volkswagen.",2,20,9,11,1,documented_agency,2026-08-30T13:28:01+00:00
58,LMCA,lmca,https://www.lmca.net/,Global,,"Client List: WeightWatchers (North America), Electrolux, Frigidaire, HP, Philips, Castrol, AEG, Compaq, Kodak, Odwalla, Wurlitzer, Weatherbeater, Continental, Philco, Emerson, Somela, RCA, Kelvinator, Thomson, Minolta and Discovery Zone.",2,20,0,20,1,documented_agency,2026-08-30T13:28:01+00:00
81,SunGate Partners,sungate partners,https://sungatepartners.com/,Global,,"Client List: Dann Foley, Erinn Valencich, Vanessa Deleon, Taniya Nayak, Mat Sanders, Shayla Copas, Jennifer Maune, Pavarini Design, Mat Sanders, Mary Elizabeth Marvin, Michael McHale, Mark Zunino, The New York Post, BleuLife Media, American Folk Art Museum, Fast Company Magazine, Inc. Magazine, French Culinary Institute and Natural Gourmet Institute.",2,17,0,17,1,documented_agency,2026-08-30T13:28:01+00:00
19,Bulldog Licensing,bulldog licensing,https://www.bulldog-licensing.com/,Global,,"Client List: Tamagotchi, Me to You, BioWare, Beano, Match Attax, Sesame Street, Rolling Stone Magazine, Beyblade X, Mr Bean, Pinch of Nom, That's not my ..., Beddybyes, Popeye, Care Bears, Kidz Bop, Totally Spies and Bullseye.",2,16,0,16,1,documented_agency,2026-08-30T13:28:01+00:00
18,Broad Street Licensing Group,broad street licensing group,https://bslg.com/,Global,,"Client List: Burger King, Subway, Rich Products, Hard Rock, SeaPak, Farm Rich, OWS Foods, Tony Roma's, BIC USA, Wyler's Light, Otter Pops and Pure Kick.",2,15,4,11,1,documented_agency,2026-08-30T13:28:01+00:00
80,Striker Entertainment,striker entertainment,https://strikerentertainment.com/,Global,,"Client List: Scottgames, AMC Networks, Media Rights Capital, Horror, Inc., Squanch Games, Blumhouse, Cosmic Debris, Nuggetverse, NHK Japan, Orange Comet, Alcon Entertainment, Evoke Entertainment, HazeLight, Relatable and Taurus.",2,15,0,15,1,documented_agency,2026-08-30T13:28:01+00:00
88,TSG Brands,tsg brands,,Global,,"Client List: Crocs, New Balance, HEAD, Wilson, Champion, Lands'end, Everlast, Steve Madden, Ann Klein, Ann Taylor, Rachel Zoe, Perry Ellis , Penguin, True Religion, Hudson and more.",1,15,0,15,1,documented_agency,2026-08-30T13:28:01+00:00
26,DeAPlaneta Entertainment,deaplaneta entertainment,https://www.deaplanetaentertainment.com/,Global,,"Client List: Mediawan, SuperProd, Moody, ROI Animation, Animaj, Spin Master, Kidscave, Global Music, Mangouste, Cloudco Entertainment, IMPS, Seaseme Workshop, The Jim Henson Company, CJ, Million Volt and Miraculous Corp.",2,14,0,14,1,documented_agency,2026-08-30T13:28:01+00:00
36,Global Trademark Licensing,global trademark licensing,https://globaltrademarklicensing.com/,Global,,"Client List: Mercedes, JLR, McLaren Racing, Lotus, Pagani, Scania, JCB, James Hunt, LEVC, Formula E, Lambretta and Shelby.",2,14,3,11,1,documented_agency,2026-08-30T13:28:01+00:00
55,Lisa Marks Associates (LMA),lisa marks associates lma,,Global,,"Client List: Bazooka Candy Brands (Bazooka, Ring Pop, Push Pop, Baby Bottle Pop, Juicy Drop), PEZ, WARHEADS, Sweethearts, Dum Dums, Necco, Bit-O-Honey, WARHEADS, Mentos, Chupa Chups, Smarties, Fun Sweets, MoonPie, Wounded Warrior Project, It's Happy Bunny and Avanti Press.",1,14,0,14,1,documented_agency,2026-08-30T13:28:01+00:00
24,Collaborations Licensing,collaborations licensing,,Global,,"Client List: Bauducco, Bums & Roses, Coyote Promotions, Critical Role, Dr. Squatch, Grüns, Hedley & Bennett, Jukebox, Little Words Project, Mush, OLIPOP, Palace, Sauz and Smash Kitchen.",1,13,0,13,1,documented_agency,2026-08-30T13:28:01+00:00
59,Maurizio Distefano Licensing,maurizio distefano licensing,https://www.mdistefanolicensing.com/,Global,,"Client List: Acamar, Bagdasarian, BBC, Animaccord, Cloud Co, MGA, Moonbug, Editions Albert Renee, GMS, Perryscope, Bravado, Beanstalk, ISA and People.",2,13,0,13,1,documented_agency,2026-08-30T13:28:01+00:00
87,TreImage,treimage,https://treimage.com/,Global,,"Client List: Sunkist, Pipeline, B Duck, Fan Cup, Knuckle Heads, Afro Goddess Warriors, Head, Master P, Ja Rule and Solider Boy.",2,13,4,9,1,documented_agency,2026-08-30T13:28:01+00:00
9,Brand Appeal Group,brand appeal group,https://brandappealgroup.com/,Global,,"Client List: Martha Stewart, Sur La Table, Cherokee, Gaiam, PsychoBunny, Elen Tracy, John Deere, Rebecca Minkoff, Kappa, Roots and TaylorMade.",2,12,2,10,1,documented_agency,2026-08-30T13:28:01+00:00
72,Pure Brands,pure brands,https://pure-brands.com/,Global,,"Client List: Mercedes-Benz, Automobili Lamborghini, RUF, KETTLER, Pininfarina, Nilu, DEUTZ-FAHR, LIEBHERR, St. Moritz, ESCADA, Strenesse, ALFRED SUNG and ZEISS.",2,12,0,12,1,documented_agency,2026-08-30T13:28:01+00:00
2,Alifish,alifish,https://ip.alibaba.com/,Global,,"Client List: POP MART, MINISO, KFC, McDonald’s, SEGA, BANDAI, GAP, THERMOS, luckin coffee, heytea, tbh and Razer.",2,11,0,11,1,documented_agency,2026-08-30T13:28:01+00:00
38,Haven Global,haven global,https://havenglobal.com/,Global,,"Client List: Sanrio, Paramount, Pokémon, Dr Seuss Enterprises, EPL (Arsenal FC, Manchester City FC, Chelsea FC, Tottenham Hotspurs FC, West Ham United FC, Newcastle United FC), The Wiggles, Penguin, “Sesame Street,” Pusheen, Frida Kahlo, Moonbug, Mulga the Artist and The Doodle Boy.",2,11,0,11,1,documented_agency,2026-08-30T13:28:01+00:00
62,Mediatoon Licensing,mediatoon licensing,https://mediatoon-licensing.com/en/,"Europe, Middle East and Global",,"Publishing, comics, animation, experiences and location-based entertainment",1,11,11,0,0,documented_agency,2026-08-30T13:28:01+00:00
25,CPL Compañía Panamericana De Licencias,cpl compania panamericana de licencias,,Global,,"Client List: Warner Bros. Discovery, Sega of America, Atlus, Ubisoft, Futurity Brands (Paul Frank), Molang, Semk Ent. (B-Duck), Inter de Milán, World Legends Cup, Dog Whispered and Cris Morena.",1,10,0,10,1,documented_agency,2026-08-30T13:28:01+00:00
67,Moxie and Company,moxie and company,https://moxieco.com/,Global,,"Client List: Simon & Schuster, Hamilton Beach Brands, WGBH, Iconoclast, Lauren Roberts Powerless, Navessa Allen - Into Darkness, Soccerpets, Yvonne Ellen, Thomas Paul, Cubeely Paris and A Smyth.",2,10,0,10,1,documented_agency,2026-08-30T13:28:01+00:00
89,Tycoon Enterprises,tycoon enterprises,https://tycoon.mx/en/,Global,,"Client List: Sanrio, Paramount, NBC Universal, Warner Brothers, BBC Company, The Hershey Company, Cloudco Entertainment, VIZ Media, FC Barcelona and Real Madrid.",2,10,1,9,1,documented_agency,2026-08-30T13:28:01+00:00
22,CLC,clc,https://clc.com/,Global,,"Client List: CLC currently represents nearly 800 colleges and universities, athletic conferences, bowls, the NCAA, the College Football Playoff, Heisman Trophy Trus and other top collegiate brands, as well as other sports, entertainment and scholastic brands such as the National Baseball Hall of Fame, Operation Hat Trick and hundreds of K-12 schools and state athletic associations.",2,9,0,9,1,documented_agency,2026-08-30T13:28:01+00:00
73,Redibra,redibra,https://redibra.com/,Global,,"Client List: Netflix, Nintendo, Bravado, Coca-Cola, Care Bears, General Motors, Spin Master, Moonbug, Paul Frank and Galinha Pintadinha.",2,9,0,9,1,documented_agency,2026-08-30T13:28:01+00:00
76,Rocket Licensing,rocket licensing,https://rocketlicensing.com/,Global,,"Client List: Acamar Films, Amazon MGM Studios, BocPix, Eastman Kodak Co, The European Space Agency (ESA), Joester Loria Group for “Dog Man,” Legendary Entertainment, Mercis, Scholastic and The Lumistella Company.",2,9,0,9,1,documented_agency,2026-08-30T13:28:01+00:00
11,Brand Central,brand central,https://brandcentralgroup.com/,Global,,"Client List: Mars Wrigley, J.M. Smucker Co., Kraft Heinz, Tapatio Hot Sauce, Bimbo Bakeries, Boston Beer Company and Calypso Lemonade.",2,8,2,6,1,documented_agency,2026-08-30T13:28:01+00:00
91,VIZ Media,viz media,https://www.viz.com/,Global,,"Client List: TV Tokyo, ShoPro, NTV, Shueisha, Warner Bros Japan, Bandai Namco Filmworks, MBS, SanX and others.",2,8,0,8,1,documented_agency,2026-08-30T13:28:01+00:00
1,AISH,aish,,Global,,"Client List: Doraemon, Crayon Shinchan, San-X, Clamp, Sakamoto Days, Rollin's Wild, Mcdull and B-ROBO KABUTACK.",1,7,0,7,1,documented_agency,2026-08-30T13:28:01+00:00
3,ARTiSTORY,artistory,https://www.artistorybrands.com/,Global,,"Client List: CHAGEE, Malaysia Airports, Lele Sadoughi, UOOYYA, Moleskine, JD.com, Intel and Siam Paragon.",2,7,0,7,1,documented_agency,2026-08-30T13:28:01+00:00
32,Glam Licensing & Consulting,glam licensing and consulting,https://glamlicensing.com/,Global,,"Client List: Daewoo, Edison, Acer, Carlton London, HardRock, Hangten, British Motors Heritage and Tarzan.",2,7,0,7,1,documented_agency,2026-08-30T13:28:01+00:00
46,La Panaderia Licensing & Marketing,la panaderia licensing and marketing,https://lapanaderialicensing.com/,Global,,"Client List: Sony, Hasbro, BBC, Toei, Un Mundo Feliz, Moose, Wildbrain and Jazwares.",2,7,0,7,1,documented_agency,2026-08-30T13:28:01+00:00
48,LicenseWorks,licenseworks,https://licenseworks.co/,Global,,"Client List: Stanley Black & Decker, Elle, Elle Decor, The Met, Kodak, GQ, Blvck Paris and Royal Enfield.",2,7,0,7,1,documented_agency,2026-08-30T13:28:01+00:00
52,Licensing Matters Global,licensing matters global,https://licensingmattersglobal.com/,Global,,"Corporate, food, publishing and lifestyle",1,7,7,0,0,documented_agency,2026-08-30T13:28:01+00:00
92,Whiteflock Brand Management,whiteflock brand management,,Global,,"Client List: AT&T, Tonino Lamborghini, Lamborghini Oleodinamica, Cherokee USA, Original Stormtrooper, Romano’s Macaroni Grill, Monte Carlo Gourmet and Riviera Lifestyle.",1,7,0,7,1,documented_agency,2026-08-30T13:28:01+00:00
16,Brentwood Licensing,brentwood licensing,https://brentwoodlicensing.com/,Global,,"Client List: Wham-O, Dearfoams, Old Farmer’s Almanac, Borghese, Dog is Good, Peace Frogs and Rubes Cartoons.",2,6,0,6,1,documented_agency,2026-08-30T13:28:01+00:00
28,Earthbound Brands,earthbound brands,https://earthboundbrands.com/,North America and Global,,"Corporate, food, lifestyle, automotive and celebrity brand extensions",1,6,6,0,0,documented_agency,2026-08-30T13:28:01+00:00
65,Mix Licensing Group,mix licensing group,https://mixlicensing.com/,Global,,"Client List: Fabletics, Jay Franco, Jerry Leigh, Nugget and Crafthub.",2,6,2,4,1,documented_agency,2026-08-30T13:28:01+00:00
66,Movantia,movantia,https://www.movantia.com/,Europe and Global,,Premium corporate brand extension and partner development,1,6,6,0,0,documented_agency,2026-08-30T13:28:01+00:00
8,Brand Activation Consulting (BAC),brand activation consulting bac,,Global,,"Client List: Build-A-Bear Workshop, The Hershey Company, Hormel Foods, Just Born Confections, Revlon and Tropicana Group.",1,5,0,5,1,documented_agency,2026-08-30T13:28:01+00:00
53,Licensing Street,licensing street,https://licensingstreet.com/,Global,,"Client List: SEGA, Laika Films, Fred Rogers Company, Angel Studios, Thunderbird Entertainment and Millimages.",2,5,0,5,1,documented_agency,2026-08-30T13:28:01+00:00
13,Brand Licensing Team,brand licensing team,,Global,,"Client List: General Mills, Molson Coors, Phillips66, Galardi Group 5 Love Languages and Kahala Brands.",1,4,0,4,1,documented_agency,2026-08-30T13:28:01+00:00
17,Brevettar,brevettar,,Global,,"Client List: Upper Deck, U.S. National Soccer Team Players' Association, Canada Soccer, Canadian Soccer Players' Association and Canadian Men's National Soccer Team Players Association.",1,4,0,4,1,documented_agency,2026-08-30T13:28:01+00:00
40,IMC Licensing,imc licensing,https://imclicensing.com/,Global,,"Client List: SC Johnson, Ken's Foods, Lamaze International, Duluth Trading Company and Sioux Honey Association.",2,4,0,4,1,documented_agency,2026-08-30T13:28:01+00:00
90,Valen Group,valen group,,Global,,"Client List: Red Robin Gourmet Burgers, Steak-umm, TELEFUNKEN, The Paleo Diet and Tree Top Juice.",1,4,0,4,1,documented_agency,2026-08-30T13:28:01+00:00
7,Bradford Licensing,bradford licensing,https://www.bradfordlicensing.com/,Global,,"Lifestyle, corporate, food and entertainment licensing",1,2,2,0,0,documented_agency,2026-08-30T13:28:01+00:00
23,CODIMAGE,codimage,https://www.codimage.fr/,France and Global,,Luxury and premium brands,1,2,2,0,0,documented_agency,2026-08-30T13:28:01+00:00
47,Larkshead Licensing,larkshead licensing,https://larksheadlicensing.com/,UK,,"Boutique publishing, heritage and entertainment",1,2,2,0,0,documented_agency,2026-08-30T13:28:01+00:00
31,Firefly Brand Management,firefly brand management,https://fireflybrandmanagement.com/,North America,,"Lifestyle, design and entertainment",1,1,1,0,0,documented_agency,2026-08-30T13:28:01+00:00
82,Surge Brands,surge brands,https://www.surge-brands.com/,Global,,"Corporate, luxury, food, confectionery and entertainment licensing",1,1,1,0,0,documented_agency,2026-08-30T13:28:01+00:00
5,Black White Orange,black white orange,https://blackwhiteorange.com/,India and South Asia,,Brand licensing and merchandising,1,0,0,0,0,documented_agency,2026-08-30T13:28:01+00:00
12,Brand Fresh Management,brand fresh management,https://brandfreshmanagement.com/,Europe,,"Lifestyle, sport and entertainment",1,0,0,0,0,documented_agency,2026-08-30T13:28:01+00:00
15,Brands with Influence,brands with influence,https://brandswithinfluence.com/,UK and Global,,"Celebrity, media and lifestyle",1,0,0,0,0,documented_agency,2026-08-30T13:28:01+00:00
21,Caroline Mickler Limited,caroline mickler limited,https://www.carolinemickler.com/,UK and Global,,"Music, culture and entertainment",1,0,0,0,0,documented_agency,2026-08-30T13:28:01+00:00
27,Dimensional Branding Group,dimensional branding group,https://dimensionalbranding.com/,North America and Global,,"Entertainment, gaming and character licensing with licensing-in and licensing-out services",1,0,0,0,0,documented_agency,2026-08-30T13:28:01+00:00
29,Empire Multimedia,empire multimedia,https://empiremultimedia.com/,Southeast Asia,,"Entertainment, fashion, lifestyle, arts and design properties",1,0,0,0,0,documented_agency,2026-08-30T13:28:01+00:00
39,I-Licensing Asia,i licensing asia,https://www.i-licensing.cn/,Greater China and Asia,,"International IP authorization, consumer products, publishing and LBE",1,0,0,0,0,documented_agency,2026-08-30T13:28:01+00:00
42,JELC,jelc,https://jelc.co.uk/,UK and Europe,,Brand extension strategy and corporate licensing,1,0,0,0,0,documented_agency,2026-08-30T13:28:01+00:00
44,KJG Licensing,kjg licensing,https://kjglicensing.com/,North America,,"Lifestyle, art and consumer brands",1,0,0,0,0,documented_agency,2026-08-30T13:28:01+00:00
45,KOPA Licensing and Branding,kopa licensing and branding,https://www.kopa.com.co/,Latin America,,"Music, culture and entertainment",1,0,0,0,0,documented_agency,2026-08-30T13:28:01+00:00
57,LIT Licensing Agency,lit licensing agency,https://litlicens.com/,Europe,,"Art, lifestyle, pop culture and entertainment",1,0,0,0,0,documented_agency,2026-08-30T13:28:01+00:00
49,Licensing Haus,licensing haus,https://licensinghaus.com/,Latin America,,Licensing representation,1,0,0,0,0,documented_agency,2026-08-30T13:28:01+00:00
50,Licensing Link Europe,licensing link europe,https://licensinglink.net/,Europe,,"Entertainment, heritage and lifestyle",1,0,0,0,0,documented_agency,2026-08-30T13:28:01+00:00
51,Licensing Management International,licensing management international,https://lmiworld.com/,Global,,Corporate and entertainment licensing,1,0,0,0,0,documented_agency,2026-08-30T13:28:01+00:00
54,Licensing Works,licensing works,https://licensingworks.us/,North America,,"Classic literature, culture and entertainment",1,0,0,0,0,documented_agency,2026-08-30T13:28:01+00:00
56,Lisle Licensing,lisle licensing,https://lislelicensing.com/,UK,,"Entertainment, gaming and lifestyle",1,0,0,0,0,documented_agency,2026-08-30T13:28:01+00:00
60,MDR Brand Management,mdr brand management,https://mdrbrand.com/,Global,,Brand management and licensing,1,0,0,0,0,documented_agency,2026-08-30T13:28:01+00:00
68,Pacific Licensing Studio,pacific licensing studio,https://pacificlicensing.com/,Southeast Asia,,"Entertainment, corporate and experiential activations",1,0,0,0,0,documented_agency,2026-08-30T13:28:01+00:00
69,Pacific Swell Brands,pacific swell brands,https://www.pacificswellbrands.com/,North America and Global,,"Boutique licensing for iconic automotive, cultural and lifestyle brands",1,0,0,0,0,documented_agency,2026-08-30T13:28:01+00:00
71,Pink Key Licensing,pink key licensing,https://pinkkeylicensing.com/,UK and Global,,"Heritage food, design and lifestyle",1,0,0,0,0,documented_agency,2026-08-30T13:28:01+00:00
85,The Point.1888,the point 1888,https://thepoint1888.com/,UK and Europe,,"Retail-led licensing across heritage, entertainment and lifestyle",1,0,0,0,0,documented_agency,2026-08-30T13:28:01+00:00
86,Timeless Brands,timeless brands,https://timelessbrands.mx/,Latin America,,Brand representation and licensing,1,0,0,0,0,documented_agency,2026-08-30T13:28:01+00:00
94,WP Brands,wp brands,https://wpbrands.com.au/,Australia and New Zealand,,Consumer brands and licensing,1,0,0,0,0,documented_agency,2026-08-30T13:28:01+00:00
